date,Top_Portfolio_Return,Index_Return,Hedged_Excess_Beta_0.6,Hedged_Excess_Beta_0.8,Hedged_Excess_Beta_1.0,Hedged_Excess_Beta_1.2,Hedged_Excess_Beta_1.4
2005-01-31,,-0.05910264940145893,,,,,
2005-02-28,,0.09659874319401318,,,,,
2005-03-31,,-0.10614934064277137,,,,,
2005-04-30,,-0.029566795567816273,,,,,
2005-05-31,,-0.07382711658860874,,,,,
2005-06-30,,0.010134784904240357,,,,,
2005-07-31,,-0.02006547020684224,,,,,
2005-08-31,0.0007029504640187906,0.08477743533852466,-0.05016351073909601,-0.06711899780680095,-0.08407448487450588,-0.1010299719422108,-0.11798545900991574
2005-09-30,3.721743919781703e-05,0.005634665388017046,-0.0033435817936124106,-0.00447051487121582,-0.005597447948819229,-0.006724381026422638,-0.007851314104026046
2005-10-31,-0.0016605491235042891,-0.046617708856516615,0.02631007619040568,0.035633617961709003,0.04495715973301233,0.05428070150431565,0.06360424327561898
2005-11-30,-0.0015720645763923282,-0.001747696628571993,-0.0005234465992491324,-0.00017390727353473355,0.0001756320521796649,0.0005251713778940633,0.0008747107036084618
2005-12-31,0.00036275339567362104,0.050002225038168646,-0.029638581627227562,-0.0396390266348613,-0.04963947164249503,-0.05963991665012875,-0.06964036165776247
2006-01-31,0.006938318594185785,0.10182795649533238,-0.05415845530301364,-0.07452404660208013,-0.0948896379011466,-0.11525522920021307,-0.13562082049927954
2006-02-28,0.003846701130975027,0.027851033936134417,-0.012863919230705623,-0.018434126017932508,-0.02400433280515939,-0.029574539592386272,-0.03514474637961315
2006-03-31,0.009164697752700266,0.01987775587961149,-0.002761955775066629,-0.006737506950988927,-0.010713058126911226,-0.014688609302833524,-0.01866416047875582
2006-04-30,0.023785491344626226,0.12062387603964009,-0.04858883427915783,-0.07271360948708586,-0.09683838469501387,-0.12096315990294189,-0.14508793511086987
2006-05-31,0.02463305056072452,0.1915921687480402,-0.0903222506880996,-0.12864068443770765,-0.16695911818731568,-0.2052775519369237,-0.24359598568653174
2006-06-30,0.0055546873869495575,0.037456416020958505,-0.016919162225625544,-0.024410445429817247,-0.03190172863400895,-0.039393011838200646,-0.046884295042392346
2006-07-31,-0.008467128834042603,-0.0584491332735948,0.026602351130114277,0.03829217778483324,0.0499820044395522,0.06167183109427116,0.07336165774899012
2006-08-31,0.006216459151870814,0.03609014057838844,-0.015437625195162247,-0.02265565331083994,-0.029873681426517626,-0.03709170954219531,-0.044309737657873
2006-09-30,0.009033937429804304,0.04812717699495783,-0.019842368767170396,-0.029467804166161966,-0.03909323956515353,-0.048718674964145094,-0.05834411036313666
2006-10-31,0.004340077773572555,0.022267076938321084,-0.009020168389420095,-0.013473583777084314,-0.01792699916474853,-0.022380414552412745,-0.02683382994007696
2006-11-30,0.03019965954532608,0.12012811353509822,-0.04187720857573285,-0.06590283128275251,-0.08992845398977214,-0.11395407669679178,-0.1379796994038114
2006-12-31,0.037836807505739374,0.13628279576422164,-0.043932869952793614,-0.07118942910563794,-0.09844598825848228,-0.1257025474113266,-0.15295910656417092
2007-01-31,0.036947935532838976,0.19826350178714347,-0.0820101655394471,-0.1216628658968758,-0.1613155662543045,-0.20096826661173317,-0.24062096696916185
2007-02-28,0.005675127049700422,0.1096302503605533,-0.060103023166631554,-0.08202907323874221,-0.10395512331085287,-0.12588117338296353,-0.1478072234550742
2007-03-31,0.015078134969234113,0.12265452080599215,-0.05851457751436118,-0.08304548167555961,-0.10757638583675803,-0.13210728999795648,-0.1566381941591549
2007-04-30,0.05693672662865698,0.30225289344913686,-0.12441500944082512,-0.18486558813065251,-0.24531616682047988,-0.30576674551030725,-0.36621732420013464
2007-05-31,0.03340081780314665,0.0997693823955188,-0.026460811634164624,-0.0464146881132684,-0.06636856459237214,-0.08632244107147591,-0.10627631755057965
2007-06-30,0.006353073853164918,-0.0921486770384976,0.061642280076263475,0.080072015483963,0.09850175089166252,0.11693148629936204,0.13536122170706155
2007-07-31,0.04965031292745198,0.20272169053514744,-0.07198270139363648,-0.11252703950066598,-0.15307137760769546,-0.19361571571472494,-0.23416005382175442
2007-08-31,0.053704978427396376,0.15636304827335135,-0.04011285053661443,-0.0713854601912847,-0.10265806984595496,-0.13393067950062523,-0.16520328915529547
2007-09-30,0.020530748461859098,0.04732195659678329,-0.007862425496210874,-0.017326816815567535,-0.02679120813492419,-0.03625559945428085,-0.0457199907736375
2007-10-31,0.006293267492907446,-0.0319888402113333,0.025486571619707427,0.031884339661974084,0.038282107704240745,0.044679875746507405,0.051077643788774066
2007-11-30,-0.05155646118578469,-0.1386729713542746,0.031647321626780064,0.05938191589763499,0.0871165101684899,0.11485110443934482,0.14258569871019972
2007-12-31,0.043246610780484085,0.15569936865220657,-0.05017301041083985,-0.08131288414128118,-0.11245275787172249,-0.1435926316021638,-0.1747325053326051
2008-01-31,-0.03146232980301476,-0.10408559162070363,0.030989025169407415,0.051806143493548146,0.07262326181768887,0.0934403801418296,0.11425749846597032
2008-02-29,0.0027281095866732406,0.041131053025676545,-0.021950522228732686,-0.030176732833867997,-0.0384029434390033,-0.046629154044138615,-0.054855364649273916
2008-03-31,-0.05516737512307927,-0.19343508572701806,0.06089367631313156,0.09958069345853521,0.1382677106039388,0.1769547277493424,0.215641744894746
2008-04-30,0.0033946075470162006,0.011861765126777835,-0.0037224515290504995,-0.0060948045544060685,-0.008467157579761634,-0.0108395106051172,-0.013211863630472765
2008-05-31,-0.0004719202214630532,-0.0676906932097957,0.040142495704414374,0.05368063434637352,0.06721877298833265,0.08075691163029179,0.09429505027225092
2008-06-30,-0.0022044662839057903,-0.2365684760777058,0.13973661936271767,0.18705031457825885,0.2343640097938,0.28167770500934114,0.3289914002248823
2008-07-31,0.00025315556039729657,0.03173222536956821,-0.01878617966134363,-0.025132624735257274,-0.031479069809170916,-0.037825514883084554,-0.0441719599569982
2008-08-31,0.0,-0.18374838713606056,0.11024903228163634,0.14699870970884846,0.18374838713606056,0.22049806456327267,0.2572477419904848
2008-09-30,-0.00031110523842918904,-0.0664570658452327,0.03956313426871043,0.05285454743775697,0.06614596060680351,0.07943737377585006,0.09272878694489659
2008-10-31,-0.0004230766734992496,-0.2624174871805105,0.15702741563480704,0.20951091307090916,0.2619944105070113,0.31447790794311337,0.36696140537921546
2008-11-30,0.00024512405673343543,0.131030622498866,-0.07837324944258615,-0.10457937394235936,-0.13078549844213255,-0.15699162294190575,-0.18319774744167894
2008-12-31,9.137566531717738e-05,0.017291640666037722,-0.010283608734305455,-0.013741936867513,-0.017200265000720544,-0.020658593133928087,-0.024116921267135633
2009-01-31,0.0016572725049445501,0.13261492582379364,-0.07791168298933164,-0.10443466815409037,-0.1309576533188491,-0.15748063848360783,-0.18400362364836653
2009-02-28,0.0016911823885498868,0.06422087005554156,-0.03684133964477505,-0.04968551365588336,-0.06252968766699167,-0.07537386167809998,-0.08821803568920829
2009-03-31,0.009536586547970906,0.18544266697412914,-0.10172901363650658,-0.13881754703133242,-0.17590608042615824,-0.21299461382098406,-0.2500831472158099
2009-04-30,0.00922495632504711,0.05138943325043299,-0.021608703625212684,-0.03188659027529929,-0.042164476925385885,-0.05244236357547248,-0.06272025022555908
2009-05-31,0.021372743168029402,0.05613914990273172,-0.012310746773609632,-0.02353857675415598,-0.03476640673470232,-0.04599423671524867,-0.057222066695795
2009-06-30,0.06001787212654275,0.10846037805176367,-0.005058354704515447,-0.026750430314868193,-0.048442505925220924,-0.07013458153557364,-0.09182665714592639
2009-07-31,0.07718906055621452,0.1628198446543001,-0.020502846236365543,-0.053066815167225556,-0.08563078409808558,-0.11819475302894561,-0.1507587219598056
2009-08-31,-0.11335625991986281,-0.2120755810475694,0.013889088708678832,0.05630420491819271,0.0987193211277066,0.14113443733722048,0.18354955354673436
2009-09-30,0.03693351665429425,0.05196738985278304,0.005753082742624427,-0.0046403952279321856,-0.015033873198488791,-0.025427351169045397,-0.035820829139602
2009-10-31,0.042929977928406964,0.10531475203960183,-0.020258873295354134,-0.04132182370327451,-0.06238477411119487,-0.08344772451911522,-0.10451067492703559
2009-11-30,0.04192967532086634,0.10268170162048551,-0.019679345651424963,-0.040215685975522074,-0.06075202629961917,-0.08128836662371627,-0.10182470694781337
2009-12-31,0.010025247266350958,0.018506407901644817,-0.0010785974746359318,-0.004779879054964896,-0.008481160635293859,-0.012182442215622822,-0.015883723795951786
2010-01-31,-0.0461182125230581,-0.07179103000623188,-0.0030435945193189734,0.011314611481927403,0.02567281748317378,0.040031023484420156,0.05438922948566653
2010-02-28,0.01812059038899641,0.03882848980769271,-0.005176503495619215,-0.01294220145715776,-0.0207078994186963,-0.02847359738023484,-0.036239295341773385
2010-03-31,0.0022084638017940634,0.022366339190181828,-0.011211339712315034,-0.0156846075503514,-0.020157875388387765,-0.02463114322642413,-0.029104411064460496
2010-04-30,-0.03185774892809102,-0.07606078854379528,0.013778724198186147,0.028990881906945203,0.04420303961570426,0.05941519732446331,0.07462735503322238
2010-05-31,-0.03244390024791439,-0.08701668292353004,0.01976610950620364,0.03716944609090964,0.054572782675615654,0.07197611926032166,0.08937945584502766
2010-06-30,-0.024994236504348736,-0.08893044849513443,0.02836403259273192,0.04615012229175881,0.0639362119907857,0.08172230168981258,0.09950839138883946
2010-07-31,0.0018496133961341601,0.12950341976874613,-0.07585243846511353,-0.10175312241886275,-0.12765380637261198,-0.1535544903263612,-0.17945517428011043
2010-08-31,3.237354957052604e-05,0.04624977146268927,-0.027717489328043035,-0.036967443620580895,-0.04621739791311875,-0.0554673522056566,-0.06471730649819445
2010-09-30,0.00811448824060968,0.013128488271207273,0.0002373952778853168,-0.002388302376356139,-0.005014000030597593,-0.007639697684839046,-0.010265395339080502
2010-10-31,0.023690045173947627,0.1231440490116078,-0.05019638423301705,-0.07482519403533862,-0.09945400383766018,-0.12408281363998172,-0.1487116234423033
2010-11-30,0.00871044363714706,-0.037512527530045636,0.03121796015517444,0.03872046566118357,0.0462229711671927,0.05372547667320182,0.06122798217921095
2010-12-31,-0.009153906800012275,-0.016078048076765272,0.0004929220460468883,0.0037085316613999428,0.006924141276752997,0.010139750892106052,0.013355360507459106
2011-01-31,-0.04445616500050041,-0.03764943178810176,-0.021866505927639356,-0.014336619570018999,-0.00680673321239865,0.0007231531452216999,0.00825303950284205
2011-02-28,0.04781795099137026,0.07469950822319693,0.0029982460574521017,-0.011941655587187287,-0.02688155723182667,-0.04182145887646606,-0.05676136052110543
2011-03-31,-0.02386288151403311,-0.010719730425944318,-0.01743104325846652,-0.015287097173277656,-0.013143151088088792,-0.010999205002899928,-0.008855258917711066
2011-04-30,-0.0197735797092678,-0.019260003125538883,-0.008217577833944471,-0.004365577208836693,-0.0005135765837289176,0.0033384240413788582,0.007190424666486634
2011-05-31,-0.0363858524802834,-0.06875062919180652,0.004864525034800511,0.018614650873161824,0.03236477671152312,0.04611490254988442,0.05986502838824572
2011-06-30,0.002660521878025872,0.02099005536839127,-0.00993351134300889,-0.014131522416687145,-0.018329533490365396,-0.02252754456404365,-0.0267255556377219
2011-07-31,-0.0006502793159741738,-0.009322190196159541,0.00494303480172155,0.006807472840953459,0.008671910880185367,0.010536348919417274,0.012400786958649183
2011-08-31,-0.001632620009637507,-0.04234336740053779,0.023773400430685165,0.03224207391079273,0.04071074739090028,0.04917942087100784,0.0576480943511154
2011-09-30,-0.03040029727370504,-0.10858419099330618,0.034750217322278676,0.05646705552093992,0.07818389371960115,0.09990073191826239,0.1216175701169236
2011-10-31,0.0017639880575992734,0.04118362432001543,-0.022946186534409985,-0.031182911398413074,-0.03941963626241616,-0.047656361126419244,-0.05589308599042233
2011-11-30,-9.677393387699165e-05,-0.05625622590697854,0.033656961610310135,0.044908206791705846,0.05615945197310155,0.06741069715449725,0.07866194233589295
2011-12-31,-0.0013393764050285812,-0.10169533406232178,0.05967782403236448,0.08001689084482885,0.1003559576572932,0.12069502446975755,0.1410340912822219
2012-01-31,-0.0025405728573906104,0.03309210016423236,-0.022395832955930027,-0.029014252988776502,-0.03563267302162297,-0.04225109305446944,-0.048869513087315915
2012-02-29,4.3897131492854355e-05,0.0905943226503454,-0.05431269645871438,-0.07243156098878346,-0.09055042551885253,-0.1086692900489216,-0.12678815457899067
2012-03-31,-0.0005410317565951149,-0.07106237966259865,0.042096396040964074,0.056308871973483804,0.07052134790600353,0.08473382383852326,0.098946299771043
2012-04-30,0.0025470198791942267,0.07094156571608967,-0.04001791955045957,-0.05420623269367751,-0.06839454583689544,-0.08258285898011337,-0.0967711721233313
2012-05-31,0.0009823288234459711,0.011357775392600189,-0.005832336412114142,-0.008103891490634181,-0.010375446569154219,-0.012647001647674256,-0.014918556726194293
2012-06-30,-0.0051381986114497884,-0.0691305184658827,0.036340112468079826,0.05016621616125637,0.0639923198544329,0.07781842354760944,0.09164452724078598
2012-07-31,-0.025451991274278073,-0.06787304453166842,0.015271835444722978,0.02884644435105667,0.04242105325739035,0.05599566216372403,0.06957027107005773
2012-08-31,-0.02573872769068589,-0.03498347023077997,-0.0047486455522179095,0.002248048493938084,0.009244742540094077,0.01624143658625007,0.023238130632406064
2012-09-30,0.021067476680347263,0.031405191307573466,0.0022243618958031827,-0.004056676365711512,-0.010337714627226203,-0.016618752888740897,-0.022899791150255585
2012-10-31,0.0010497230677754279,-0.013868357765804085,0.00937073772725788,0.012144409280418697,0.014918080833579513,0.01769175238674033,0.020465423939901143
2012-11-30,-0.04267479250409431,-0.07614110977165855,0.003009873358900822,0.018238095313232533,0.033466317267564244,0.048694539221895955,0.06392276117622767
2012-12-31,0.03391339065338849,0.17256143085588493,-0.06962346786014248,-0.10413575403131944,-0.13864804020249644,-0.17316032637367343,-0.2076726125448504
2013-01-31,0.002202553270809037,0.06393474437008684,-0.036158293351243063,-0.048945242225260435,-0.0617321910992778,-0.07451913997329516,-0.08730608884731253
2013-02-28,0.021468308320128655,0.0120797757766542,0.014220442854136135,0.011804487698805294,0.009388532543474454,0.006972577388143615,0.004556622232812776
2013-03-31,-0.02116025764412437,-0.0575771520120425,0.01338603356310113,0.024901463965509633,0.03641689436791813,0.047932324770326634,0.05944775517273512
2013-04-30,-0.005669572207113234,-0.020707486757471916,0.006754919847369915,0.010896417198864299,0.015037914550358682,0.019179411901853065,0.023320909253347444
2013-05-31,0.10309286417156444,0.09578560115009971,0.045621503481504615,0.02646438325148466,0.007307263021464727,-0.011849857208555206,-0.03100697743857514
2013-06-30,-0.08606372619414338,-0.15637423410259588,0.007760814267414151,0.03903566108793333,0.0703105079084525,0.10158535472897168,0.13286020154949083
2013-07-31,0.04882137927856119,0.02283849055731091,0.03511828494417465,0.030550586832712466,0.025982888721250284,0.021415190609788103,0.01684749249832592
2013-08-31,0.02371934881919001,0.060593984160975944,-0.012637041677395558,-0.024755838509590747,-0.036874635341785936,-0.048993432173981125,-0.061112229006176313
2013-09-30,0.06395522912877963,0.04787154895435797,0.03523229975616485,0.025657989965293254,0.01608368017442166,0.006509370383550067,-0.0030649394073215264
2013-10-31,-0.05113504265157831,-0.025705429476611474,-0.03571178496561143,-0.03057069907028913,-0.025429613174966836,-0.020288527279644544,-0.015147441384322252
2013-11-30,0.04655115927593088,0.04215678545726309,0.021257088001573023,0.012825730910120403,0.004394373818667786,-0.00403698327278483,-0.012468340364237447
2013-12-31,-0.022041130727486626,-0.038230458645864274,0.0008971444600319387,0.008543236189204793,0.016189327918377648,0.023835419647550503,0.03148151137672336
2014-01-31,0.030683722378478048,-0.02595868466635276,0.046258933178289705,0.05145067011156026,0.05664240704483081,0.06183414397810136,0.0670258809113719
2014-02-28,-0.00898492713926369,0.003774612214140438,-0.011249694467747953,-0.01200461691057604,-0.012759539353404127,-0.013514461796232214,-0.014269384239060302
2014-03-31,-0.053563773130437774,-0.02304110033724993,-0.039739112928087815,-0.03513089286063783,-0.030522672793187842,-0.025914452725737856,-0.02130623265828787
2014-04-30,-0.015481028810900755,-0.00486374905821485,-0.012562779375971845,-0.011590029564328875,-0.010617279752685905,-0.009644529941042935,-0.008671780129399965
2014-05-31,0.005870850197192898,0.0065235657369178135,0.0019567107550422097,0.000651997607658647,-0.0006527155397249157,-0.0019574286871084784,-0.003262141834492041
2014-06-30,0.015922347839849835,0.012898887057518404,0.008183015605338793,0.005603238193835111,0.003023460782331431,0.0004436833708277507,-0.0021360940406759295
2014-07-31,0.006413105288566802,0.08521537884475605,-0.04471612201828683,-0.061759197787238033,-0.07880227355618925,-0.09584534932514047,-0.11288842509409167
2014-08-31,0.02128867063262097,0.013998428965033893,0.012889613253600633,0.010089927460593853,0.007290241667587075,0.004490555874580297,0.0016908700815735193
2014-09-30,0.05402071337628142,0.07453283620480566,0.009301011653398021,-0.005605555587563114,-0.020512122828524243,-0.03541869006948538,-0.0503252573104465
2014-10-31,0.0052898955859151464,0.01954600864242284,-0.006437709599538558,-0.010346911328023126,-0.014256113056507695,-0.018165314784992264,-0.02207451651347683
2014-11-30,0.05896566811442531,0.0903442920956663,0.004759092857025526,-0.01330976556210773,-0.03137862398124099,-0.049447482400374256,-0.06751634081950753
2014-12-31,0.039421330971167484,0.15004764105938628,-0.05060725366446428,-0.08061678187634155,-0.1106263100882188,-0.14063583830009604,-0.1706453665119733
2015-01-31,0.046774066464252056,0.007473682409077087,0.042289857018805804,0.04079512053699039,0.03930038405517497,0.03780564757335955,0.036310911091544135
2015-02-28,0.0646501691063314,0.05223483042952792,0.033309270848614646,0.022862304762709056,0.012415338676803472,0.001968372590897896,-0.008478593495007694
2015-03-31,0.17511521122430673,0.1639086461903092,0.07677002351012122,0.04398829427205936,0.011206565033997529,-0.0215751642040643,-0.05435689344212613
2015-04-30,0.14339860974138774,0.17072465678694537,0.04096381566922051,0.006818884311831447,-0.027326047045557633,-0.06147097840294671,-0.09561590976033577
2015-05-31,0.20936903143826122,0.08466770384527944,0.15856840913109355,0.14163486836203765,0.12470132759298178,0.10776778682392589,0.09083424605487
2015-06-30,-0.1548265844293019,-0.08880198286447727,-0.10154539471061552,-0.08378499813772007,-0.06602460156482462,-0.04826420499192917,-0.030503808419033718
2015-07-31,-0.15961418518590995,-0.13948330126233233,-0.07592420442851056,-0.048027544176044074,-0.02013088392357762,0.007765776328888835,0.03566243658135529
2015-08-31,-0.13867955400979645,-0.13066803623275014,-0.060278732270146365,-0.03414512502359633,-0.008011517777046312,0.01812208946950372,0.04425569671605373
2015-09-30,0.002265081087435893,-0.05680137179857592,0.03634590416658144,0.04770617852629663,0.05906645288601181,0.07042672724572699,0.08178700160544217
2015-10-31,0.15473909089106183,0.1263764395329634,0.0789132271712838,0.0536379392646911,0.02836265135809843,0.003087363451505759,-0.02218792445508691
2015-11-30,0.02838248555587212,0.024947747131439435,0.013413837277008461,0.008424287850720573,0.0034347384244326866,-0.0015548110018551997,-0.006544360428143086
2015-12-31,0.024947779013307466,0.0386444368794292,0.0017611168856499458,-0.005967770490235894,-0.013696657866121734,-0.021425545242007574,-0.029154432617893414
2016-01-31,-0.07072989145438037,-0.24198698969914334,0.07446230236510563,0.1228597003049343,0.17125709824476298,0.21965449618459165,0.2680518941244203
2016-02-29,-0.021500190271040588,-0.022452594705922424,-0.008028633447487134,-0.0035381145063026476,0.0009524044348818358,0.005442923376066319,0.009933442317250803
2016-03-31,0.03276018447907715,0.13248458049380507,-0.04673056381720589,-0.07322747991596691,-0.09972439601472792,-0.12622131211348891,-0.15271822821224995
2016-04-30,-0.010378766702213098,-0.022651579437281022,0.0032121809601555144,0.007742496847611722,0.012272812735067924,0.016803128622524127,0.02133344450998033
2016-05-31,0.004331816227656079,-0.0002988304731603719,0.004511114511552302,0.004570880606184377,0.004630646700816451,0.004690412795448525,0.0047501788900806
2016-06-30,0.04549564868432183,0.00994151266406118,0.03953074108588512,0.037542438553072884,0.03555413602026065,0.03356583348744841,0.031577530954636175
2016-07-31,0.004611499106367833,0.014680851763634095,-0.004197011951812624,-0.007133182304539444,-0.010069352657266262,-0.01300552300999308,-0.0159416933627199
2016-08-31,0.012149488513409515,0.038120400702636115,-0.010722751908172153,-0.01834683204869938,-0.0259709121892266,-0.03359499232975382,-0.04121907247028104
2016-09-30,-0.005624569886457176,-0.019801574282293788,0.006256374682919097,0.010216689539377854,0.014177004395836612,0.01813731925229537,0.02209763410875412
2016-10-31,0.018618094715250343,0.022961474099798984,0.004841210255370954,0.0002489154354111539,-0.004343379384548641,-0.008935674204508436,-0.01352796902446823
2016-11-30,0.01536732064071335,0.04308369101906373,-0.010482893970724886,-0.019099632174537636,-0.02771637037835038,-0.036333108582163126,-0.04494984678597587
2016-12-31,-0.0381897512485162,-0.05764706211041848,-0.003601513982265117,0.007927898439818587,0.019457310861902277,0.030986723283985967,0.04251613570606966
2017-01-31,-0.005246818587875084,0.010594163575581739,-0.011603316733224126,-0.013722149448340475,-0.01584098216345682,-0.01795981487857317,-0.02007864759368952
2017-02-28,0.02954002550036624,0.026624936738887328,0.013565063457033844,0.008240076109256374,0.002915088761478911,-0.002409898586298552,-0.007734885934076015
2017-03-31,0.009933275430300271,-0.0027627078969302277,0.011590900168458408,0.012143441747844454,0.012695983327230499,0.013248524906616543,0.01380106648600259
2017-04-30,-0.005337356969596004,-0.015475948800533379,0.0039482123107240225,0.0070434020708307,0.010138591830937375,0.013233781591044049,0.016328971351150724
2017-05-31,-0.016815977550180525,-0.018412832648520117,-0.005768277961068456,-0.002085711431364431,0.0015968550983395911,0.005279421628043613,0.008961988157747635
2017-06-30,0.06543485826556403,0.051718552082742786,0.03440372701591836,0.024060016599369793,0.013716306182821242,0.00337259576627269,-0.006971114650275861
2017-07-31,0.011636396003067616,0.022383888276352515,-0.0017939369627438927,-0.006270714618014397,-0.010747492273284899,-0.015224269928555401,-0.019701047583825904
2017-08-31,0.02335483122233577,0.024658698289479197,0.008559612248648252,0.003627872590752413,-0.0013038670671434265,-0.006235606725039266,-0.011167346382935105
2017-09-30,0.029309911673778603,0.010959069806531163,0.022734469789859907,0.02054265582855367,0.01835084186724744,0.01615902790594121,0.013967213944634975
2017-10-31,0.04806324515375265,0.0224904827298138,0.03456895551586437,0.030070858969901606,0.025572762423938848,0.02107466587797609,0.016576569332013333
2017-11-30,-0.02887347536412434,-0.019299922556745952,-0.01729352183007677,-0.013433537318727578,-0.009573552807378389,-0.0057135682960292,-0.0018535837846800109
2017-12-31,0.02627744779126907,0.002867791321827129,0.024556772998172792,0.023983214733807368,0.02340965646944194,0.022836098205076514,0.02226253994071109
2018-01-31,0.024410086703525548,0.030796994961463486,0.005931889726647457,-0.00022750926564524265,-0.0063869082579379385,-0.012546307250230634,-0.01870570624252333
2018-02-28,-0.03551645964424525,-0.045432427491337024,-0.008257003149443033,0.0008294823488243716,0.009915967847091776,0.01900245334535918,0.028088938843626586
2018-03-31,-0.01521176802890837,-0.011771991038256102,-0.008148573405954708,-0.005794175198303487,-0.003439776990652267,-0.0010853787830010474,0.0012690194246501724
2018-04-30,-0.029989243043834785,-0.03844272678984051,-0.006923606969930482,0.0007649383880376226,0.008453483746005724,0.01614202910397382,0.023830574461941926
2018-05-31,0.03308633717033294,-0.0006575764006850893,0.033480883010744,0.033612398290881015,0.03374391357101803,0.03387542885115505,0.034006944131292065
2018-06-30,-0.03177317875536614,-0.08346566690631396,0.018306221388422236,0.03499935476968504,0.051692488150947825,0.06838562153221062,0.08507875491347341
2018-07-31,-0.022193259444628806,-0.0011088148886135851,-0.021527970511460656,-0.021306207533737936,-0.02108444455601522,-0.020862681578292505,-0.020640918600569786
2018-08-31,-0.03210272280215402,-0.06038707783024566,0.00412952389599338,0.016206939462042512,0.028284355028091644,0.040361770594140776,0.05243918616018991
2018-09-30,4.676797642620647e-05,0.017064172259654287,-0.010191735379366365,-0.013604569831297222,-0.01701740428322808,-0.020430238735158937,-0.023843073187089794
2018-10-31,-0.015845710820936457,-0.09401569597049031,0.040563706761357725,0.0593668459554558,0.07816998514955385,0.0969731243436519,0.11577626353774996
2018-11-30,0.0033707413066430105,0.013612741304092735,-0.00479690347581263,-0.007519451736631179,-0.010241999997449725,-0.01296454825826827,-0.015687096519086816
2018-12-31,-0.002637260160672588,-0.049611289840132855,0.02712951374340712,0.0370517717114337,0.046974029679460266,0.05689628764748683,0.0668185456155134
2019-01-31,0.005481463710852392,0.037770768350399164,-0.017180997299387105,-0.024735150969466938,-0.032289304639546774,-0.03984345830962661,-0.04739761197970644
2019-02-28,0.01800579125068641,0.16937050588473523,-0.08361651228015472,-0.1174906134571018,-0.15136471463404882,-0.18523881581099585,-0.2191129169879429
2019-03-31,0.024473671866054543,0.07553019899395919,-0.02084444753032097,-0.03595048732911281,-0.05105652712790464,-0.06616256692669648,-0.0812686067254883
2019-04-30,-0.00627950278800872,-0.011960281927563043,0.0008966663685291056,0.0032887227540417154,0.005680779139554323,0.008072835525066931,0.01046489191057954
2019-05-31,-0.053330457434961405,-0.07321305725748162,-0.009402623080472433,0.005239988371023893,0.019882599822520212,0.03452521127401654,0.04916782272551285
2019-06-30,0.04202135871114658,0.03477201697760046,0.021158148524586303,0.01420374512906621,0.007249341733546119,0.00029493833802602537,-0.006659465057494061
2019-07-31,0.030063169415746983,-0.002379331362760806,0.031490768233403466,0.031966634505955625,0.032442500778507785,0.03291836705105995,0.03339423332361211
2019-08-31,0.053080870148546046,-0.0068363749920142824,0.05718269514375462,0.05854997014215747,0.05991724514056033,0.06128452013896318,0.06265179513736605
2019-09-30,0.012927412962351798,0.006979000443933847,0.00874001269599149,0.00734421260720472,0.005948412518417951,0.004552612429631182,0.0031568123408444136
2019-10-31,0.03519230447190141,0.009189987906862873,0.029678311727783683,0.02784031414641111,0.026002316565038534,0.02416431898366596,0.022326321402293386
2019-11-30,-0.001226346679833857,-0.010644737242800684,0.0051604956658465526,0.00728944311440669,0.009418390562966826,0.011547338011526962,0.013676285460087098
2019-12-31,0.06734411797281956,0.07257242728883884,0.023800661599516257,0.009286176141748481,-0.005228309316019281,-0.019742794773787042,-0.034257280231554804
2020-01-31,0.07554017270766299,-0.0048024078835500195,0.078421617437793,0.07938209901450301,0.080342580591213,0.081303062167923,0.08226354374463302
2020-02-29,0.06253767836663214,-0.0035032165692590045,0.06463960830818755,0.06534025162203934,0.06604089493589115,0.06674153824974295,0.06744218156359474
2020-03-31,-0.10529663508730172,-0.06882128606668192,-0.06400386344729257,-0.05023960623395618,-0.0364753490206198,-0.022711091807283423,-0.008946834593947045
2020-04-30,0.09828256822264059,0.06177223527861253,0.06121922705547307,0.04886477999975056,0.03651033294402806,0.024155885888305556,0.011801438832583055
2020-05-31,0.0368671208129054,-0.002710417123474085,0.03849337108698985,0.039035454511684664,0.039577537936379484,0.040119621361074304,0.040661704785769116
2020-06-30,0.15257626026815677,0.08012861706953123,0.10449909002643804,0.08847336661253179,0.07244764319862554,0.05642191978471929,0.040396196370813056
2020-07-31,0.14042299113638554,0.1253658782946072,0.06520346415962121,0.04013028850069976,0.015057112841778325,-0.010016062817143123,-0.035089238476064544
2020-08-31,-0.0022580800697454876,0.020730206090144643,-0.014696203723832273,-0.0188422449418612,-0.02298828615989013,-0.027134327377919057,-0.03128036859594799
2020-09-30,-0.0484431649289774,-0.05741581562709863,-0.013993675552718222,-0.0025105124272984877,0.008972650698121233,0.020455813823540954,0.031938976948960675
2020-10-31,0.03471744343730002,0.008292210701512204,0.0297421170163927,0.02808367487609026,0.02642523273578782,0.02476679059548538,0.02310834845518294
2020-11-30,0.014482392999714152,0.04731826781009252,-0.013908567686341359,-0.023372221248359863,-0.03283587481037836,-0.042299528372396866,-0.05176318193441537
2020-12-31,0.13877523251020646,0.03273535552590423,0.11913401919466392,0.11258694808948308,0.10603987698430223,0.09949280587912138,0.09294573477394054
2021-01-31,0.039604581643597855,0.014672544758700612,0.03080105478837749,0.027866545836637363,0.024932036884897243,0.02199752793315712,0.019063018981417
2021-02-28,-0.032775950158623085,-0.00033929522225661923,-0.032572373025269115,-0.03250451398081779,-0.032436654936366466,-0.032368795891915145,-0.03230093684746382
2021-03-31,-0.054461469377230357,-0.03913765268948488,-0.030978877763539428,-0.023151347225642452,-0.015323816687745476,-0.0074962861498484995,0.00033124438804846973
2021-04-30,0.05544579090708113,0.02396832747331712,0.041064794423090856,0.03627112892842743,0.03147746343376401,0.026683797939100584,0.02189013244443716
2021-05-31,0.05431964936760456,0.03944250425397389,0.030654146815220232,0.02276564596442545,0.014877145113630676,0.006988644262835901,-0.0008998565879588735
2021-06-30,0.03589550267349521,-0.007192815323447732,0.04021119186756385,0.0416497549322534,0.04308831799694294,0.04452688106163248,0.04596544412632203
2021-07-31,-0.0040563783338957125,-0.04959261686828387,0.025699191787074607,0.03561771516073138,0.04553623853438815,0.05545476190804492,0.06537328528170169
2021-08-31,0.017038128782317002,0.028710122306249364,-0.00018794460143261443,-0.005929969062682491,-0.011671993523932361,-0.01741401798518223,-0.0231560424464321
2021-09-30,-0.062083866499977707,-0.0010996373539399196,-0.06142408408761375,-0.061204156616825774,-0.06098422914603779,-0.0607643016752498,-0.06054437420446182
2021-10-31,0.04343758856768562,0.0004412276596621467,0.04317285197188833,0.0430846064399559,0.04299636090802347,0.042908115376091044,0.042819869844158615
2021-11-30,0.04226657630142615,0.004247523825485322,0.03971806200613495,0.03886855724103789,0.038019052475940826,0.03716954771084376,0.0363200429457467
2021-12-31,-0.042825121632447144,0.01919185257677425,-0.05434023317851169,-0.05817860369386654,-0.06201697420922139,-0.06585534472457624,-0.06969371523993109
2022-01-31,-0.11690363778206259,-0.08847804149876803,-0.06381681288280178,-0.04612120458304815,-0.028425596283294552,-0.010729987983540953,0.006965620316212659
2022-02-28,0.029741207334796956,0.01928033005033436,0.018173009304596338,0.014316943294529467,0.010460877284462596,0.0066048112743957235,0.0027487452643288543
2022-03-31,-0.0598964953338686,-0.07773968407678722,-0.013252684887796268,0.002295251927561179,0.01784318874291862,0.033391125558276065,0.0489390623736335
2022-04-30,-0.0403042551511498,-0.07447510420850922,0.004380807373955735,0.019275828215657584,0.034170849057359426,0.04906586989906127,0.06396089074076311
2022-05-31,0.025468413007470655,0.0399365536552585,0.001506480814315557,-0.006480829916736149,-0.014468140647787845,-0.02245545137883954,-0.030442762109891244
2022-06-30,0.04256199533896773,0.0857529016314107,-0.00888974563987869,-0.026040325966160828,-0.04319090629244297,-0.060341486618725106,-0.07749206694500724
2022-07-31,-0.019059357761849076,-0.05159879417659674,0.011899918744108968,0.022219677579428318,0.032539436414747665,0.04285919525006701,0.05317895408538636
2022-08-31,-0.02188132009548053,-0.021830001105617614,-0.008783319432109962,-0.004417319210986436,-5.131898986291544e-05,0.004314681231260605,0.00868068145238413
2022-09-30,-0.06406142024075848,-0.06898759978153746,-0.022668860371836005,-0.008871340415528506,0.00492617954077898,0.018723699497086466,0.03252121945339395
2022-10-31,-0.0159736263945847,-0.03945106757358119,0.0076970141495640125,0.015587227664280254,0.02347744117899649,0.03136765469371272,0.039257868208428956
2022-11-30,0.0163208740760566,0.08210945376518652,-0.03294479818305532,-0.04936668893609261,-0.06578857968912992,-0.08221047044216723,-0.09863236119520452
2022-12-31,-0.0349980066868588,-0.01729326160715572,-0.02462204972256537,-0.021163397401134224,-0.01770474507970308,-0.014246092758271937,-0.010787440436840792
2023-01-31,0.06508165663129438,0.07319356035322588,0.021165520419358853,0.006526808348713671,-0.008111903721931504,-0.022750615792576673,-0.037389327863221855
2023-02-28,0.0036984202584575817,-0.007744580623238795,0.008345168632400857,0.00989408475704862,0.011443000881696377,0.012991917006344136,0.014540833130991894
2023-03-31,-0.004485945789675531,-0.003784869572237004,-0.002215024046333329,-0.0014580501318859282,-0.0007010762174385274,5.5897697008873426e-05,0.0008128716114562742
2023-04-30,-0.01759327996764357,-0.009631897855423288,-0.011814141254389596,-0.009887761683304939,-0.007961382112220281,-0.0060350025411356235,-0.004108622970050966
2023-05-31,-0.030383370158392875,-0.046236641506885445,-0.002641385254261608,0.006605943047115481,0.01585327134849257,0.02510059964986966,0.03434792795124675
2023-06-30,0.01613661214975515,0.0032711029801488767,0.014173950361665825,0.013519729765636049,0.012865509169606274,0.0122112885735765,0.011557067977546725
2023-07-31,-0.037196909015165536,0.032171058705070754,-0.05649954423820799,-0.06293375597922214,-0.06936796772023629,-0.07580217946125044,-0.08223639120226459
2023-08-31,-0.03793085535184934,-0.06005360335629162,-0.001898693338074374,0.010112027333183955,0.022122748004442278,0.03413346867570059,0.04614418934695892
2023-09-30,-0.013078865251183847,-0.015220668485842359,-0.003946464159678432,-0.000902330462509959,0.0021418032346585125,0.005185936931826982,0.008230070628995455
2023-10-31,-0.020430495857544608,-0.030346534441491713,-0.0022225751926495813,0.0038467316956487634,0.009916038583947104,0.015985345472245446,0.022054652360543787
2023-11-30,0.0035298018478256573,-0.011118699431073797,0.010201021506469935,0.012424761392684697,0.014648501278899455,0.016872241165114214,0.019095981051328974
2023-12-31,-0.010199865619636775,-0.019556680691399042,0.0015341427952026507,0.005445478933482458,0.009356815071762267,0.013268151210042076,0.017179487348321882
2024-01-31,-0.057259690161013926,-0.09365387158854133,-0.0010673672078891291,0.017663407109819132,0.0363941814275274,0.05512495574523567,0.07385573006294394
2024-02-29,0.04219027516114941,0.1127100636056586,-0.025435763002245745,-0.04797777572337748,-0.0705197884445092,-0.0930618011656409,-0.11560381388677261
2024-03-31,0.011594111589547634,-0.0011705982375970203,0.012296470532105846,0.01253059017962525,0.012764709827144654,0.012998829474664058,0.013232949122183462
2024-04-30,0.014494144376216845,0.024202382126411237,-2.7284899629897302e-05,-0.004867761324912146,-0.009708237750194392,-0.01454871417547664,-0.019389190600758888
2024-05-31,-0.004702286140282171,-0.010639356007055456,0.0016813274639511022,0.003809198665362194,0.005937069866773285,0.008064941068184376,0.010192812269595466
2024-06-30,-0.012081488529155611,-0.04067750069873266,0.012325011890083984,0.02046051202983052,0.02859601216957705,0.03673151230932358,0.04486701244907011
2024-07-31,-0.02353583120012464,0.0006620673699955226,-0.02393307162212195,-0.024065485096121057,-0.024197898570120162,-0.024330312044119267,-0.024462725518118372
2024-08-31,-0.03975272555772269,-0.039722845179150146,-0.015919018450232605,-0.00797444941440257,-2.988037857254433e-05,0.00791468865725748,0.015859257693087513
2024-09-30,-0.04106005917919574,-0.03355627436333086,-0.020926294561197222,-0.014215039688531047,-0.007503784815864875,-0.0007925299431987068,0.0059187249294674685
